employeeId,jobId,startDate,fte,jobLevel
E10000,J103,08-12-2019,1,L10
E10001,J101,18-01-2010,1,L7
E10002,J103,27-12-2024,1,L6
E10003,J104,08-12-2012,1,L6
E10004,J105,13-12-2015,1,L8
E10005,J105,19-12-2011,1,L7
E10006,J104,01-11-2013,1,L4
E10007,J101,06-08-2019,1,L9
E10008,J102,05-11-2011,1,L10
E10009,J103,10-07-2013,1,L7
E10010,J101,19-02-2012,1,L9
E10011,J103,05-07-2019,1,L8
E10012,J102,20-10-2024,1,L9
E10013,J101,06-04-2012,1,L9
E10014,J104,10-05-2015,1,L6
E10015,J103,03-06-2019,1,L5
E10016,J104,18-04-2023,1,L3
E10017,J104,02-09-2010,1,L8
E10018,J105,13-10-2016,1,L6
E10019,J103,28-02-2023,1,L7
E10020,J101,04-05-2010,1,L8
E10021,J103,12-09-2020,1,L10
E10022,J104,24-01-2017,1,L5
E10023,J102,13-08-2020,1,L5
E10024,J105,14-08-2012,1,L3
E10025,J103,24-10-2010,1,L3
E10026,J101,31-10-2014,1,L5
E10027,J101,14-11-2014,1,L7
E10028,J102,05-11-2018,1,L5
E10029,J102,10-02-2013,1,L10
E10030,J104,08-12-2011,1,L9
E10031,J104,25-10-2012,1,L7
E10032,J103,29-10-2024,1,L6
E10033,J103,07-08-2010,1,L9
E10034,J101,27-09-2014,1,L4
E10035,J104,23-05-2016,1,L8
E10036,J103,15-10-2013,1,L6
E10037,J105,27-07-2010,1,L10
E10038,J105,02-01-2014,1,L4
E10039,J101,08-03-2016,1,L5
E10040,J102,03-11-2016,1,L10
E10041,J104,06-02-2012,1,L8
E10042,J103,05-10-2018,1,L6
E10043,J104,18-07-2018,1,L6
E10044,J103,17-02-2016,1,L10
E10045,J105,05-11-2019,1,L5
E10046,J104,14-09-2016,1,L10
E10047,J101,03-03-2012,1,L5
E10048,J105,15-08-2015,1,L4
E10049,J105,02-10-2010,1,L3
E10050,J102,03-04-2019,1,L9
E10051,J102,23-01-2017,1,L6
E10052,J103,17-12-2017,1,L9
E10053,J103,02-03-2013,1,L8
E10054,J102,03-09-2013,1,L8
E10055,J104,09-03-2020,1,L9
E10056,J103,21-08-2023,1,L5
E10057,J103,15-12-2011,1,L6
E10058,J105,21-06-2022,1,L8
E10059,J102,23-10-2010,1,L10
E10060,J105,05-01-2022,1,L5
E10061,J102,28-12-2020,1,L6
E10062,J105,29-08-2022,1,L8
E10063,J104,12-06-2011,1,L6
E10064,J101,03-01-2012,1,L4
E10065,J102,13-02-2023,1,L6
E10066,J105,17-06-2020,1,L8
E10067,J101,30-12-2010,1,L6
E10068,J104,08-10-2013,1,L5
E10069,J102,15-09-2013,1,L8
E10070,J103,06-08-2015,1,L10
E10071,J105,17-11-2019,1,L6
E10072,J105,10-12-2023,1,L8
E10073,J103,02-05-2015,1,L10
E10074,J105,17-09-2014,1,L5
E10075,J105,08-06-2021,1,L9
E10076,J104,23-04-2014,1,L5
E10077,J102,02-02-2019,1,L4
E10078,J104,30-09-2014,1,L6
E10079,J103,11-03-2020,1,L10
E10080,J104,12-11-2011,1,L7
E10081,J103,11-09-2014,1,L3
E10082,J102,24-12-2013,1,L4
E10083,J104,06-09-2021,1,L8
E10084,J104,15-11-2021,1,L10
E10085,J103,16-09-2024,1,L6
E10086,J102,23-02-2021,1,L9
E10087,J105,14-10-2012,1,L9
E10088,J101,21-05-2011,1,L9
E10089,J101,29-08-2016,1,L10
E10090,J105,15-08-2019,1,L7
E10091,J102,13-06-2015,1,L10
E10092,J105,07-09-2011,1,L8
E10093,J104,17-01-2010,1,L9
E10094,J101,04-01-2019,1,L7
E10095,J103,30-10-2014,1,L10
E10096,J104,12-07-2015,1,L10
E10097,J101,02-08-2011,1,L8
E10098,J104,08-03-2011,1,L3
E10099,J103,06-04-2013,1,L5
E10100,J104,18-07-2017,1,L8
E10101,J103,18-12-2012,1,L6
E10102,J103,02-04-2016,1,L6
E10103,J101,17-05-2015,1,L3
E10104,J105,17-06-2014,1,L5
E10105,J104,23-08-2013,1,L4
E10106,J105,01-08-2020,1,L9
E10107,J102,27-06-2024,1,L5
E10108,J102,23-06-2024,1,L9
E10109,J104,12-08-2020,1,L8
E10110,J102,10-05-2012,1,L6
E10111,J103,16-08-2019,1,L3
E10112,J102,10-07-2010,1,L5
E10113,J105,11-12-2016,1,L8
E10114,J104,10-04-2017,1,L10
E10115,J104,12-10-2022,1,L9
E10116,J105,19-08-2020,1,L6
E10117,J104,04-01-2023,1,L8
E10118,J104,06-04-2024,1,L6
E10119,J103,17-12-2021,1,L4
E10120,J104,10-09-2021,1,L4
E10121,J102,24-10-2015,1,L4
E10122,J103,26-12-2018,1,L10
E10123,J105,09-12-2018,1,L4
E10124,J101,13-02-2017,1,L6
E10125,J102,08-08-2022,1,L10
E10126,J102,23-05-2012,1,L9
E10127,J101,05-12-2016,1,L9
E10128,J105,15-08-2017,1,L8
E10129,J103,19-08-2017,1,L7
E10130,J105,02-02-2010,1,L8
E10131,J101,07-08-2019,1,L10
E10132,J102,26-11-2021,1,L8
E10133,J102,02-07-2013,1,L5
E10134,J105,03-11-2018,1,L3
E10135,J103,03-09-2015,1,L6
E10136,J102,11-08-2021,1,L6
E10137,J104,17-09-2013,1,L8
E10138,J105,08-06-2021,1,L9
E10139,J103,02-01-2012,1,L5
E10140,J102,09-02-2016,1,L6
E10141,J103,05-04-2014,1,L9
E10142,J105,26-10-2012,1,L9
E10143,J104,18-01-2020,1,L9
E10144,J101,23-11-2023,1,L3
E10145,J102,01-01-2021,1,L5
E10146,J104,21-07-2024,1,L6
E10147,J102,01-11-2019,1,L9
E10148,J102,18-06-2012,1,L5
E10149,J103,16-11-2021,1,L8
E10150,J105,21-05-2020,1,L7
E10151,J104,07-06-2014,1,L6
E10152,J102,02-09-2022,1,L9
E10153,J101,11-09-2010,1,L6
E10154,J101,20-07-2012,1,L3
E10155,J103,14-10-2022,1,L10
E10156,J102,22-05-2022,1,L7
E10157,J101,23-07-2016,1,L4
E10158,J103,14-07-2019,1,L4
E10159,J102,11-03-2014,1,L7
E10160,J105,08-01-2024,1,L6
E10161,J102,23-04-2024,1,L5
E10162,J103,06-11-2021,1,L7
E10163,J101,16-11-2012,1,L10
E10164,J104,08-09-2015,1,L4
E10165,J101,06-05-2010,1,L8
E10166,J102,17-04-2021,1,L10
E10167,J101,07-05-2019,1,L4
E10168,J103,07-01-2017,1,L7
E10169,J104,29-07-2021,1,L6
E10170,J104,26-01-2018,1,L4
E10171,J105,05-01-2012,1,L8
E10172,J101,25-03-2016,1,L9
E10173,J104,06-06-2021,1,L5
E10174,J102,17-12-2011,1,L6
E10175,J105,28-01-2021,1,L7
E10176,J103,16-09-2012,1,L7
E10177,J102,27-02-2014,1,L9
E10178,J104,26-12-2010,1,L6
E10179,J101,23-11-2017,1,L8
E10180,J104,02-03-2018,1,L4
E10181,J102,22-12-2013,1,L5
E10182,J105,11-12-2016,1,L8
E10183,J103,07-04-2019,1,L4
E10184,J103,04-10-2012,1,L7
E10185,J104,15-04-2014,1,L6
E10186,J104,08-05-2017,1,L3
E10187,J104,27-10-2019,1,L8
E10188,J102,17-04-2018,1,L8
E10189,J101,21-08-2024,1,L5
E10190,J102,20-05-2011,1,L6
E10191,J102,19-12-2012,1,L4
E10192,J103,20-01-2022,1,L3
E10193,J102,13-05-2013,1,L7
E10194,J105,30-05-2024,1,L8
E10195,J102,06-08-2013,1,L3
E10196,J102,13-10-2012,1,L10
E10197,J103,13-04-2018,1,L4
E10198,J105,02-01-2022,1,L4
E10199,J104,30-08-2011,1,L9
E10200,J104,04-02-2022,1,L3
E10201,J104,17-11-2018,1,L8
E10202,J104,13-10-2017,1,L7
E10203,J105,09-10-2021,1,L7
E10204,J103,05-10-2013,1,L8
E10205,J105,15-10-2020,1,L5
E10206,J103,26-04-2023,1,L10
E10207,J105,18-11-2020,1,L6
E10208,J104,06-02-2018,1,L5
E10209,J105,30-03-2010,1,L8
E10210,J105,02-05-2019,1,L7
E10211,J103,26-12-2017,1,L4
E10212,J104,15-11-2010,1,L5
E10213,J102,09-06-2018,1,L7
E10214,J104,20-04-2010,1,L10
E10215,J104,20-12-2021,1,L10
E10216,J102,09-03-2012,1,L4
E10217,J102,21-09-2023,1,L10
E10218,J102,26-02-2018,1,L6
E10219,J105,07-06-2014,1,L6
E10220,J102,10-11-2015,1,L4
E10221,J102,12-10-2015,1,L7
E10222,J101,27-12-2018,1,L8
E10223,J102,05-04-2017,1,L5
E10224,J103,15-09-2012,1,L6
E10225,J105,21-09-2014,1,L3
E10226,J105,14-12-2021,1,L4
E10227,J103,27-11-2022,1,L10
E10228,J101,08-04-2022,1,L3
E10229,J102,02-08-2024,1,L9
E10230,J103,15-05-2011,1,L3
E10231,J102,05-06-2021,1,L6
E10232,J104,23-10-2017,1,L10
E10233,J101,28-09-2018,1,L7
E10234,J104,26-01-2011,1,L9
E10235,J101,16-08-2014,1,L10
E10236,J105,24-10-2010,1,L6
E10237,J103,11-07-2024,1,L9
E10238,J103,22-02-2021,1,L9
E10239,J104,09-02-2020,1,L5
E10240,J104,03-08-2017,1,L3
E10241,J104,17-11-2017,1,L6
E10242,J105,11-01-2023,1,L8
E10243,J103,17-12-2014,1,L6
E10244,J102,09-01-2024,1,L9
E10245,J101,26-11-2021,1,L5
E10246,J101,04-12-2013,1,L4
E10247,J104,16-08-2020,1,L10
E10248,J105,16-01-2023,1,L9
E10249,J103,17-09-2018,1,L5
E10250,J101,26-08-2017,1,L7
E10251,J105,08-05-2011,1,L8
E10252,J105,29-02-2020,1,L3
E10253,J102,07-07-2010,1,L10
E10254,J103,09-04-2019,1,L7
E10255,J104,01-04-2019,1,L9
E10256,J101,27-07-2019,1,L5
E10257,J104,15-03-2020,1,L5
E10258,J104,02-04-2017,1,L8
E10259,J105,13-10-2020,1,L3
E10260,J101,15-11-2023,1,L8
E10261,J102,13-03-2017,1,L9
E10262,J102,02-04-2024,1,L9
E10263,J104,15-02-2012,1,L5
E10264,J104,14-11-2020,1,L4
E10265,J103,18-07-2023,1,L5
E10266,J102,03-10-2010,1,L10
E10267,J104,07-04-2010,1,L3
E10268,J102,07-04-2010,1,L9
E10269,J105,30-10-2022,1,L7
E10270,J105,24-05-2022,1,L9
E10271,J105,09-10-2019,1,L10
E10272,J105,13-04-2022,1,L7
E10273,J104,29-09-2020,1,L8
E10274,J102,16-05-2010,1,L5
E10275,J103,17-05-2018,1,L5
E10276,J103,12-12-2018,1,L6
E10277,J101,01-04-2010,1,L3
E10278,J105,03-02-2016,1,L9
E10279,J102,27-03-2016,1,L5
E10280,J104,24-12-2018,1,L7
E10281,J105,22-03-2014,1,L6
E10282,J103,13-11-2021,1,L5
E10283,J105,05-02-2011,1,L4
E10284,J102,25-01-2020,1,L8
E10285,J101,06-11-2015,1,L8
E10286,J104,21-11-2019,1,L4
E10287,J101,25-04-2020,1,L4
E10288,J102,22-02-2012,1,L10
E10289,J102,22-02-2019,1,L4
E10290,J102,06-02-2015,1,L9
E10291,J104,24-04-2022,1,L4
E10292,J101,26-08-2013,1,L5
E10293,J105,29-07-2010,1,L6
E10294,J101,13-10-2022,1,L5
E10295,J104,29-05-2022,1,L10
E10296,J101,28-12-2011,1,L3
E10297,J105,28-11-2023,1,L6
E10298,J101,05-10-2018,1,L7
E10299,J102,09-09-2012,1,L10
E10300,J105,01-11-2012,1,L7
E10301,J105,25-02-2013,1,L8
E10302,J104,13-04-2019,1,L5
E10303,J102,27-01-2021,1,L3
E10304,J102,31-08-2019,1,L7
E10305,J103,15-01-2010,1,L5
E10306,J102,13-04-2021,1,L3
E10307,J102,18-05-2021,1,L6
E10308,J105,20-03-2018,1,L9
E10309,J104,15-04-2013,1,L9
E10310,J103,02-03-2024,1,L8
E10311,J102,12-05-2012,1,L5
E10312,J102,07-10-2015,1,L5
E10313,J103,16-03-2018,1,L8
E10314,J101,12-09-2020,1,L5
E10315,J101,23-05-2021,1,L9
E10316,J104,14-08-2011,1,L5
E10317,J105,15-03-2019,1,L10
E10318,J103,13-11-2010,1,L4
E10319,J101,25-06-2011,1,L6
E10320,J102,17-04-2021,1,L10
E10321,J103,18-11-2014,1,L8
E10322,J101,05-07-2013,1,L3
E10323,J104,25-07-2019,1,L10
E10324,J103,03-07-2017,1,L9
E10325,J101,03-08-2013,1,L3
E10326,J105,29-11-2023,1,L4
E10327,J101,13-07-2010,1,L9
E10328,J104,20-01-2014,1,L8
E10329,J102,15-01-2016,1,L7
E10330,J104,29-09-2016,1,L3
E10331,J103,12-03-2021,1,L9
E10332,J102,14-01-2022,1,L3
E10333,J105,22-09-2024,1,L10
E10334,J104,30-10-2011,1,L10
E10335,J104,24-12-2024,1,L8
E10336,J101,04-11-2024,1,L7
E10337,J104,19-05-2010,1,L9
E10338,J103,10-06-2022,1,L6
E10339,J102,29-08-2013,1,L7
E10340,J104,20-07-2011,1,L6
E10341,J103,29-07-2024,1,L3
E10342,J103,14-02-2014,1,L9
E10343,J101,21-07-2020,1,L7
E10344,J102,04-05-2023,1,L10
E10345,J102,26-01-2019,1,L10
E10346,J103,13-12-2020,1,L3
E10347,J105,06-04-2016,1,L8
E10348,J105,10-03-2012,1,L4
E10349,J102,14-07-2016,1,L8
E10350,J102,27-06-2010,1,L8
E10351,J101,19-10-2019,1,L4
E10352,J103,16-01-2025,1,L7
E10353,J104,17-09-2017,1,L5
E10354,J104,02-06-2010,1,L3
E10355,J103,28-04-2023,1,L8
E10356,J103,23-02-2019,1,L4
E10357,J103,01-01-2018,1,L9
E10358,J104,17-08-2023,1,L4
E10359,J102,26-09-2023,1,L6
E10360,J103,28-02-2020,1,L7
E10361,J103,12-01-2010,1,L8
E10362,J102,15-10-2019,1,L6
E10363,J103,02-02-2015,1,L4
E10364,J103,12-03-2021,1,L5
E10365,J102,01-12-2023,1,L5
E10366,J105,18-02-2018,1,L10
E10367,J103,10-02-2023,1,L3
E10368,J104,10-02-2024,1,L7
E10369,J103,10-07-2019,1,L6
E10370,J105,28-10-2024,1,L10
E10371,J102,05-12-2017,1,L9
E10372,J103,07-11-2021,1,L6
E10373,J104,16-04-2013,1,L3
E10374,J102,05-11-2012,1,L10
E10375,J104,20-10-2011,1,L4
E10376,J101,01-03-2024,1,L10
E10377,J101,28-03-2019,1,L6
E10378,J102,17-08-2023,1,L4
E10379,J103,29-11-2017,1,L9
E10380,J103,12-07-2023,1,L5
E10381,J104,25-06-2011,1,L5
E10382,J103,10-11-2019,1,L10
E10383,J103,09-12-2011,1,L6
E10384,J102,22-03-2020,1,L10
E10385,J105,03-03-2023,1,L6
E10386,J103,22-06-2012,1,L4
E10387,J103,22-01-2016,1,L7
E10388,J104,07-10-2014,1,L6
E10389,J102,17-11-2018,1,L4
E10390,J101,23-11-2012,1,L6
E10391,J101,19-04-2014,1,L4
E10392,J101,18-02-2011,1,L3
E10393,J101,24-07-2019,1,L4
E10394,J102,22-01-2025,1,L3
E10395,J103,02-07-2023,1,L10
E10396,J105,03-07-2018,1,L3
E10397,J102,24-06-2022,1,L7
E10398,J102,15-08-2017,1,L8
E10399,J102,19-04-2020,1,L3
E10400,J105,06-04-2021,1,L7
E10401,J103,10-03-2015,1,L6
E10402,J104,16-08-2019,1,L8
E10403,J104,30-11-2019,1,L7
E10404,J104,23-03-2022,1,L8
E10405,J105,26-02-2018,1,L7
E10406,J104,31-01-2017,1,L10
E10407,J103,01-01-2021,1,L10
E10408,J105,13-08-2012,1,L5
E10409,J103,10-11-2016,1,L7
E10410,J103,16-05-2017,1,L7
E10411,J105,27-11-2017,1,L10
E10412,J104,03-01-2014,1,L4
E10413,J101,04-04-2013,1,L7
E10414,J105,15-04-2012,1,L8
E10415,J104,03-10-2023,1,L7
E10416,J102,14-07-2011,1,L6
E10417,J103,13-02-2024,1,L10
E10418,J105,20-02-2013,1,L3
E10419,J105,31-05-2024,1,L9
E10420,J103,04-06-2016,1,L4
E10421,J105,16-12-2014,1,L6
E10422,J104,11-08-2010,1,L7
E10423,J105,11-08-2014,1,L8
E10424,J104,01-12-2020,1,L3
E10425,J101,22-10-2019,1,L6
E10426,J102,09-02-2017,1,L9
E10427,J105,21-12-2024,1,L4
E10428,J103,24-11-2016,1,L8
E10429,J102,28-01-2011,1,L5
E10430,J101,17-04-2020,1,L8
E10431,J104,13-05-2017,1,L5
E10432,J102,18-12-2020,1,L3
E10433,J104,01-07-2024,1,L8
E10434,J105,31-10-2013,1,L6
E10435,J104,27-06-2021,1,L9
E10436,J102,09-01-2018,1,L3
E10437,J102,12-08-2024,1,L4
E10438,J101,16-02-2010,1,L5
E10439,J104,01-11-2018,1,L9
E10440,J105,18-01-2025,1,L7
E10441,J104,15-04-2013,1,L6
E10442,J105,28-04-2018,1,L8
E10443,J101,09-05-2024,1,L3
E10444,J104,21-02-2023,1,L9
E10445,J103,04-01-2014,1,L3
E10446,J101,14-11-2010,1,L3
E10447,J105,27-06-2015,1,L6
E10448,J102,24-08-2020,1,L3
E10449,J102,19-01-2020,1,L4
E10450,J105,24-12-2024,1,L8
E10451,J103,15-05-2015,1,L5
E10452,J101,23-11-2023,1,L8
E10453,J105,13-08-2022,1,L7
E10454,J103,05-07-2017,1,L5
E10455,J101,12-02-2011,1,L5
E10456,J101,30-12-2023,1,L8
E10457,J104,10-01-2023,1,L8
E10458,J102,01-09-2023,1,L8
E10459,J101,05-01-2016,1,L6
E10460,J105,04-01-2022,1,L3
E10461,J101,27-02-2011,1,L3
E10462,J104,27-10-2011,1,L7
E10463,J105,12-06-2011,1,L4
E10464,J101,07-08-2018,1,L3
E10465,J102,29-09-2024,1,L5
E10466,J105,30-07-2014,1,L7
E10467,J105,25-02-2019,1,L8
E10468,J105,04-05-2019,1,L5
E10469,J102,22-10-2015,1,L4
E10470,J105,18-06-2022,1,L3
E10471,J102,28-12-2022,1,L10
E10472,J103,07-04-2010,1,L3
E10473,J102,05-08-2020,1,L7
E10474,J104,17-10-2013,1,L9
E10475,J105,02-04-2010,1,L10
E10476,J105,02-07-2013,1,L7
E10477,J101,23-11-2019,1,L7
E10478,J103,09-03-2022,1,L6
E10479,J101,20-03-2018,1,L5
E10480,J104,10-06-2021,1,L10
E10481,J104,12-11-2012,1,L6
E10482,J104,19-11-2020,1,L6
E10483,J105,24-05-2016,1,L10
E10484,J103,30-12-2011,1,L10
E10485,J102,27-04-2022,1,L7
E10486,J102,12-04-2022,1,L3
E10487,J102,31-01-2013,1,L6
E10488,J105,18-01-2019,1,L4
E10489,J102,11-04-2024,1,L3
E10490,J101,19-05-2011,1,L9
E10491,J105,10-10-2023,1,L7
E10492,J104,15-11-2017,1,L5
E10493,J104,27-07-2024,1,L5
E10494,J101,30-06-2020,1,L4
E10495,J103,11-06-2020,1,L7
E10496,J105,14-06-2020,1,L3
E10497,J102,19-02-2020,1,L6
E10498,J104,18-11-2014,1,L9
E10499,J101,28-08-2020,1,L3
E10500,J101,18-10-2019,1,L6
E10501,J105,01-05-2019,1,L8
E10502,J103,06-01-2019,1,L4
E10503,J104,27-08-2017,1,L3
E10504,J103,04-01-2024,1,L7
E10505,J103,12-05-2024,1,L10
E10506,J104,10-02-2010,1,L5
E10507,J103,22-02-2015,1,L10
E10508,J101,03-05-2012,1,L5
E10509,J103,21-01-2021,1,L6
E10510,J101,11-05-2021,1,L5
E10511,J102,24-10-2016,1,L7
E10512,J105,20-10-2019,1,L6
E10513,J102,16-10-2021,1,L5
E10514,J101,27-05-2022,1,L9
E10515,J104,29-01-2013,1,L9
E10516,J101,09-10-2024,1,L6
E10517,J104,02-06-2014,1,L4
E10518,J104,13-01-2012,1,L5
E10519,J101,10-07-2012,1,L6
E10520,J102,19-12-2012,1,L5
E10521,J105,15-09-2023,1,L9
E10522,J104,10-10-2012,1,L4
E10523,J102,22-01-2021,1,L8
E10524,J105,26-02-2019,1,L5
E10525,J104,06-03-2024,1,L7
E10526,J101,15-03-2014,1,L6
E10527,J105,24-09-2015,1,L10
E10528,J103,05-08-2011,1,L9
E10529,J104,02-03-2020,1,L6
E10530,J101,02-02-2017,1,L10
E10531,J101,28-12-2022,1,L4
E10532,J101,08-03-2013,1,L9
E10533,J102,01-12-2022,1,L3
E10534,J103,12-06-2011,1,L7
E10535,J105,31-10-2017,1,L6
E10536,J101,25-02-2010,1,L9
E10537,J105,03-08-2021,1,L8
E10538,J101,01-03-2022,1,L6
E10539,J105,19-10-2021,1,L7
E10540,J104,01-11-2014,1,L5
E10541,J103,31-07-2010,1,L7
E10542,J102,25-04-2021,1,L10
E10543,J104,29-07-2013,1,L8
E10544,J103,15-10-2022,1,L7
E10545,J101,23-04-2015,1,L9
E10546,J101,05-01-2021,1,L6
E10547,J102,27-09-2023,1,L9
E10548,J101,15-04-2015,1,L4
E10549,J101,23-04-2016,1,L7
E10550,J102,26-11-2011,1,L8
E10551,J103,18-03-2018,1,L6
E10552,J105,27-10-2022,1,L3
E10553,J104,10-10-2024,1,L5
E10554,J104,06-06-2010,1,L4
E10555,J103,17-02-2023,1,L8
E10556,J105,26-01-2020,1,L9
E10557,J102,01-01-2020,1,L3
E10558,J101,15-12-2010,1,L8
E10559,J104,09-11-2018,1,L10
E10560,J102,08-12-2016,1,L3
E10561,J102,22-11-2013,1,L8
E10562,J103,08-09-2018,1,L6
E10563,J105,18-07-2010,1,L10
E10564,J103,20-05-2018,1,L9
E10565,J103,20-04-2012,1,L4
E10566,J102,15-08-2016,1,L8
E10567,J102,22-07-2022,1,L10
E10568,J101,27-09-2017,1,L4
E10569,J101,15-06-2024,1,L5
E10570,J103,08-06-2012,1,L6
E10571,J104,11-06-2013,1,L8
E10572,J101,18-04-2011,1,L10
E10573,J102,25-11-2013,1,L10
E10574,J102,03-06-2018,1,L8
E10575,J104,29-09-2022,1,L5
E10576,J101,23-11-2012,1,L8
E10577,J101,20-05-2011,1,L9
E10578,J105,08-04-2020,1,L3
E10579,J103,28-12-2018,1,L3
E10580,J101,17-05-2024,1,L4
E10581,J102,21-12-2020,1,L7
E10582,J105,24-10-2023,1,L7
E10583,J105,04-03-2018,1,L6
E10584,J101,23-07-2018,1,L9
E10585,J104,06-10-2024,1,L9
E10586,J102,16-06-2024,1,L9
E10587,J101,26-11-2017,1,L8
E10588,J102,04-06-2017,1,L4
E10589,J104,02-02-2022,1,L7
E10590,J105,10-05-2022,1,L3
E10591,J102,11-10-2010,1,L10
E10592,J103,25-02-2011,1,L6
E10593,J102,12-11-2015,1,L6
E10594,J104,16-05-2014,1,L4
E10595,J103,04-11-2022,1,L4
E10596,J101,10-12-2014,1,L8
E10597,J105,10-08-2021,1,L9
E10598,J105,12-01-2024,1,L4
E10599,J102,17-03-2019,1,L10
E10600,J103,03-04-2011,1,L4
E10601,J101,17-08-2014,1,L7
E10602,J105,31-01-2010,1,L4
E10603,J102,11-02-2010,1,L10
E10604,J101,06-08-2019,1,L7
E10605,J101,17-04-2010,1,L3
E10606,J102,19-02-2013,1,L7
E10607,J104,30-03-2013,1,L4
E10608,J104,16-05-2010,1,L3
E10609,J101,29-11-2022,1,L10
E10610,J102,11-08-2015,1,L10
E10611,J101,01-04-2016,1,L3
E10612,J101,05-07-2018,1,L9
E10613,J105,20-09-2014,1,L3
E10614,J105,09-12-2018,1,L4
E10615,J102,27-11-2018,1,L9
E10616,J104,05-11-2020,1,L4
E10617,J101,24-12-2014,1,L6
E10618,J101,30-09-2021,1,L8
E10619,J101,09-04-2019,1,L8
E10620,J105,19-01-2013,1,L8
E10621,J101,19-03-2015,1,L6
E10622,J104,31-08-2024,1,L8
E10623,J105,20-08-2012,1,L3
E10624,J103,17-04-2017,1,L7
E10625,J101,09-08-2017,1,L8
E10626,J103,06-04-2017,1,L5
E10627,J104,29-04-2011,1,L10
E10628,J105,24-09-2017,1,L6
E10629,J102,12-07-2024,1,L3
E10630,J101,28-02-2012,1,L10
E10631,J102,23-02-2022,1,L4
E10632,J103,01-04-2020,1,L4
E10633,J104,12-07-2015,1,L7
E10634,J103,24-02-2022,1,L10
E10635,J104,06-01-2017,1,L5
E10636,J104,25-11-2016,1,L9
E10637,J104,19-06-2014,1,L4
E10638,J105,07-07-2020,1,L8
E10639,J104,07-03-2011,1,L8
E10640,J102,24-05-2012,1,L10
E10641,J105,12-04-2019,1,L9
E10642,J101,06-11-2022,1,L5
E10643,J104,04-02-2017,1,L6
E10644,J101,06-05-2013,1,L4
E10645,J104,18-07-2020,1,L4
E10646,J102,03-06-2013,1,L9
E10647,J102,02-10-2017,1,L9
E10648,J105,04-04-2011,1,L5
E10649,J102,07-02-2020,1,L4
E10650,J104,06-06-2023,1,L10
E10651,J101,07-12-2024,1,L6
E10652,J101,14-03-2023,1,L7
E10653,J104,04-08-2010,1,L6
E10654,J104,12-03-2011,1,L10
E10655,J105,07-03-2018,1,L6
E10656,J102,30-07-2022,1,L9
E10657,J104,16-12-2014,1,L3
E10658,J101,16-09-2018,1,L9
E10659,J102,09-11-2016,1,L7
E10660,J102,06-01-2016,1,L7
E10661,J102,23-01-2011,1,L10
E10662,J103,06-09-2017,1,L9
E10663,J101,19-03-2010,1,L7
E10664,J104,16-12-2023,1,L5
E10665,J103,17-01-2023,1,L9
E10666,J102,28-12-2018,1,L3
E10667,J104,11-09-2015,1,L9
E10668,J105,09-06-2023,1,L4
E10669,J103,11-03-2020,1,L9
E10670,J101,25-03-2023,1,L9
E10671,J103,29-04-2014,1,L6
E10672,J104,27-02-2024,1,L3
E10673,J101,31-01-2024,1,L8
E10674,J105,12-11-2012,1,L8
E10675,J104,09-12-2021,1,L3
E10676,J101,17-12-2012,1,L8
E10677,J103,27-04-2011,1,L4
E10678,J104,04-01-2018,1,L3
E10679,J103,07-10-2023,1,L10
E10680,J105,23-06-2015,1,L5
E10681,J105,12-02-2021,1,L7
E10682,J104,01-10-2019,1,L6
E10683,J102,03-01-2018,1,L8
E10684,J104,08-11-2023,1,L4
E10685,J101,04-12-2016,1,L10
E10686,J102,21-04-2013,1,L3
E10687,J102,01-01-2011,1,L10
E10688,J103,09-10-2014,1,L6
E10689,J104,02-07-2022,1,L9
E10690,J103,02-03-2022,1,L4
E10691,J101,08-07-2017,1,L9
E10692,J103,24-06-2018,1,L7
E10693,J102,15-06-2012,1,L10
E10694,J105,19-11-2020,1,L3
E10695,J101,30-05-2014,1,L3
E10696,J102,03-02-2024,1,L8
E10697,J104,01-04-2012,1,L6
E10698,J101,19-06-2022,1,L5
E10699,J104,19-08-2015,1,L9
E10700,J101,02-03-2015,1,L10
E10701,J104,02-07-2016,1,L8
E10702,J103,20-03-2011,1,L9
E10703,J101,22-02-2019,1,L7
E10704,J105,08-04-2014,1,L7
E10705,J104,04-09-2018,1,L4
E10706,J101,17-01-2024,1,L6
E10707,J102,12-06-2014,1,L3
E10708,J104,07-11-2023,1,L10
E10709,J105,22-05-2018,1,L10
E10710,J104,09-12-2015,1,L5
E10711,J103,30-08-2020,1,L4
E10712,J103,20-12-2016,1,L4
E10713,J101,10-11-2018,1,L3
E10714,J101,13-12-2017,1,L5
E10715,J101,20-05-2023,1,L3
E10716,J101,25-07-2021,1,L10
E10717,J101,20-01-2023,1,L4
E10718,J104,21-11-2019,1,L10
E10719,J103,12-10-2023,1,L9
E10720,J103,13-05-2023,1,L5
E10721,J104,22-10-2015,1,L8
E10722,J105,04-10-2021,1,L8
E10723,J101,14-04-2014,1,L3
E10724,J104,17-11-2020,1,L6
E10725,J102,29-01-2022,1,L6
E10726,J105,07-06-2024,1,L4
E10727,J104,20-01-2014,1,L9
E10728,J102,31-08-2017,1,L6
E10729,J101,14-05-2015,1,L4
E10730,J103,06-06-2015,1,L4
E10731,J103,21-07-2022,1,L7
E10732,J103,09-06-2024,1,L7
E10733,J105,01-12-2016,1,L5
E10734,J103,15-10-2011,1,L6
E10735,J104,30-09-2011,1,L4
E10736,J105,22-07-2011,1,L4
E10737,J101,03-06-2011,1,L7
E10738,J101,07-01-2019,1,L9
E10739,J105,31-12-2016,1,L8
E10740,J101,21-11-2023,1,L5
E10741,J105,30-05-2022,1,L6
E10742,J102,08-01-2018,1,L10
E10743,J102,27-01-2015,1,L4
E10744,J101,22-06-2017,1,L6
E10745,J102,09-10-2011,1,L3
E10746,J104,03-05-2018,1,L7
E10747,J101,09-04-2024,1,L8
E10748,J103,24-09-2017,1,L3
E10749,J105,29-11-2018,1,L5
E10750,J104,30-01-2010,1,L4
E10751,J101,18-01-2020,1,L6
E10752,J104,06-11-2018,1,L6
E10753,J102,15-09-2018,1,L7
E10754,J105,30-06-2014,1,L4
E10755,J104,03-08-2024,1,L6
E10756,J102,15-07-2013,1,L6
E10757,J102,11-02-2023,1,L5
E10758,J102,27-04-2018,1,L7
E10759,J105,29-04-2016,1,L9
E10760,J104,23-02-2016,1,L6
E10761,J103,02-01-2025,1,L4
E10762,J105,01-11-2013,1,L7
E10763,J102,08-01-2023,1,L5
E10764,J105,19-01-2014,1,L6
E10765,J103,03-01-2020,1,L9
E10766,J102,02-01-2016,1,L6
E10767,J103,13-12-2012,1,L6
E10768,J104,20-06-2017,1,L8
E10769,J103,02-09-2018,1,L6
E10770,J102,01-10-2011,1,L9
E10771,J104,09-11-2012,1,L4
E10772,J105,21-07-2023,1,L10
E10773,J101,25-12-2019,1,L10
E10774,J101,22-12-2016,1,L7
E10775,J101,04-05-2014,1,L8
E10776,J105,21-07-2011,1,L4
E10777,J102,28-03-2020,1,L4
E10778,J104,24-04-2010,1,L8
E10779,J104,06-11-2017,1,L3
E10780,J101,10-09-2016,1,L6
E10781,J105,09-08-2023,1,L4
E10782,J101,04-09-2020,1,L9
E10783,J101,29-01-2013,1,L7
E10784,J101,03-07-2015,1,L6
E10785,J103,01-01-2020,1,L10
E10786,J102,17-12-2018,1,L3
E10787,J103,01-04-2013,1,L6
E10788,J102,24-09-2020,1,L3
E10789,J102,02-10-2018,1,L10
E10790,J105,21-01-2010,1,L6
E10791,J102,13-01-2019,1,L10
E10792,J101,13-04-2016,1,L6
E10793,J104,22-12-2019,1,L5
E10794,J102,08-09-2020,1,L7
E10795,J102,04-12-2016,1,L10
E10796,J101,07-06-2020,1,L10
E10797,J104,20-10-2022,1,L4
E10798,J105,20-09-2012,1,L4
E10799,J102,08-09-2020,1,L8
E10800,J104,08-05-2023,1,L4
E10801,J104,06-12-2022,1,L5
E10802,J103,30-04-2011,1,L4
E10803,J102,30-10-2016,1,L8
E10804,J104,26-12-2017,1,L10
E10805,J103,03-12-2023,1,L5
E10806,J101,16-04-2019,1,L9
E10807,J102,27-03-2021,1,L3
E10808,J101,27-06-2015,1,L3
E10809,J101,28-03-2022,1,L4
E10810,J102,10-08-2024,1,L4
E10811,J105,19-10-2020,1,L8
E10812,J103,14-09-2018,1,L8
E10813,J102,12-03-2015,1,L7
E10814,J103,24-03-2020,1,L5
E10815,J104,06-10-2021,1,L3
E10816,J104,26-11-2024,1,L3
E10817,J105,09-04-2011,1,L3
E10818,J101,03-04-2022,1,L7
E10819,J103,21-12-2020,1,L5
E10820,J102,23-08-2012,1,L8
E10821,J105,21-12-2014,1,L5
E10822,J102,20-02-2022,1,L5
E10823,J101,23-05-2022,1,L6
E10824,J102,05-08-2017,1,L3
E10825,J103,08-12-2010,1,L4
E10826,J103,09-07-2020,1,L7
E10827,J103,22-10-2023,1,L8
E10828,J103,27-08-2010,1,L5
E10829,J105,04-04-2015,1,L8
E10830,J101,08-08-2020,1,L6
E10831,J102,06-04-2024,1,L4
E10832,J104,02-05-2015,1,L4
E10833,J105,04-12-2024,1,L10
E10834,J105,11-06-2022,1,L8
E10835,J102,04-03-2022,1,L5
E10836,J104,10-10-2021,1,L10
E10837,J101,15-03-2024,1,L8
E10838,J105,28-09-2023,1,L10
E10839,J101,15-02-2013,1,L8
E10840,J101,25-12-2020,1,L7
E10841,J105,07-07-2017,1,L3
E10842,J101,19-09-2011,1,L3
E10843,J101,22-12-2024,1,L8
E10844,J103,11-12-2022,1,L10
E10845,J101,19-01-2017,1,L8
E10846,J101,17-01-2023,1,L4
E10847,J101,05-05-2010,1,L7
E10848,J103,21-03-2016,1,L6
E10849,J101,21-05-2017,1,L7
E10850,J103,02-05-2022,1,L10
E10851,J103,11-08-2013,1,L10
E10852,J104,02-03-2023,1,L5
E10853,J104,27-08-2011,1,L6
E10854,J102,06-02-2021,1,L10
E10855,J105,22-10-2012,1,L5
E10856,J104,27-09-2022,1,L5
E10857,J105,03-02-2010,1,L4
E10858,J101,28-11-2010,1,L10
E10859,J104,17-12-2019,1,L5
E10860,J101,22-03-2017,1,L6
E10861,J102,25-09-2019,1,L8
E10862,J102,18-03-2020,1,L5
E10863,J102,21-08-2011,1,L4
E10864,J103,08-07-2015,1,L7
E10865,J101,25-02-2014,1,L6
E10866,J102,12-08-2022,1,L9
E10867,J101,21-03-2024,1,L10
E10868,J104,05-02-2010,1,L8
E10869,J104,14-03-2012,1,L7
E10870,J101,10-04-2022,1,L5
E10871,J101,10-07-2016,1,L6
E10872,J103,21-01-2019,1,L9
E10873,J105,21-09-2013,1,L4
E10874,J102,23-07-2018,1,L9
E10875,J101,19-02-2012,1,L7
E10876,J104,26-11-2014,1,L5
E10877,J102,16-12-2023,1,L7
E10878,J103,28-11-2012,1,L5
E10879,J102,17-01-2024,1,L7
E10880,J101,21-02-2012,1,L3
E10881,J105,24-10-2023,1,L7
E10882,J104,23-05-2010,1,L7
E10883,J103,15-06-2022,1,L10
E10884,J105,11-03-2016,1,L6
E10885,J103,13-07-2010,1,L8
E10886,J104,24-04-2012,1,L8
E10887,J105,09-05-2019,1,L4
E10888,J102,10-05-2021,1,L8
E10889,J101,24-02-2022,1,L9
E10890,J104,27-06-2017,1,L6
E10891,J101,24-12-2012,1,L10
E10892,J101,06-09-2011,1,L10
E10893,J104,20-08-2022,1,L6
E10894,J104,05-09-2014,1,L8
E10895,J101,07-02-2015,1,L8
E10896,J105,08-03-2014,1,L6
E10897,J104,10-09-2011,1,L6
E10898,J104,08-01-2018,1,L9
E10899,J104,06-11-2013,1,L8
E10900,J103,19-06-2013,1,L8
E10901,J102,13-06-2019,1,L5
E10902,J101,06-06-2018,1,L5
E10903,J102,29-09-2018,1,L9
E10904,J101,02-01-2023,1,L4
E10905,J101,11-03-2015,1,L5
E10906,J105,13-08-2017,1,L7
E10907,J102,07-06-2016,1,L8
E10908,J101,05-10-2024,1,L9
E10909,J102,02-06-2020,1,L9
E10910,J105,07-01-2011,1,L10
E10911,J104,29-11-2023,1,L9
E10912,J105,25-07-2013,1,L9
E10913,J101,30-09-2010,1,L5
E10914,J101,16-06-2011,1,L7
E10915,J103,02-08-2016,1,L5
E10916,J105,25-04-2021,1,L10
E10917,J102,27-09-2019,1,L8
E10918,J102,10-10-2012,1,L6
E10919,J102,14-11-2010,1,L3
E10920,J104,15-12-2020,1,L7
E10921,J102,07-01-2014,1,L8
E10922,J101,06-10-2011,1,L3
E10923,J103,29-12-2013,1,L4
E10924,J103,26-09-2019,1,L6
E10925,J102,28-09-2015,1,L6
E10926,J101,07-04-2012,1,L3
E10927,J103,01-09-2021,1,L7
E10928,J105,13-08-2018,1,L8
E10929,J104,11-09-2017,1,L7
E10930,J102,20-08-2021,1,L7
E10931,J101,25-12-2019,1,L7
E10932,J105,04-08-2018,1,L5
E10933,J104,20-03-2016,1,L10
E10934,J101,04-12-2013,1,L6
E10935,J105,12-06-2017,1,L9
E10936,J103,06-02-2016,1,L5
E10937,J104,23-02-2024,1,L7
E10938,J103,29-05-2010,1,L8
E10939,J103,07-04-2018,1,L10
E10940,J105,30-09-2010,1,L7
E10941,J102,18-05-2022,1,L5
E10942,J103,26-07-2020,1,L9
E10943,J103,30-12-2017,1,L10
E10944,J103,17-09-2012,1,L5
E10945,J101,04-06-2020,1,L8
E10946,J104,29-04-2017,1,L7
E10947,J103,21-03-2014,1,L9
E10948,J105,28-03-2011,1,L9
E10949,J101,17-09-2011,1,L6
E10950,J105,28-05-2015,1,L9
E10951,J105,23-12-2011,1,L9
E10952,J101,08-01-2024,1,L6
E10953,J103,06-03-2024,1,L7
E10954,J105,01-07-2010,1,L6
E10955,J102,13-04-2010,1,L6
E10956,J102,30-07-2018,1,L3
E10957,J101,09-07-2021,1,L8
E10958,J104,07-10-2020,1,L4
E10959,J104,07-11-2010,1,L4
E10960,J105,21-06-2018,1,L7
E10961,J104,22-09-2014,1,L7
E10962,J103,10-10-2019,1,L8
E10963,J105,15-04-2015,1,L10
E10964,J102,14-03-2021,1,L4
E10965,J103,06-05-2014,1,L6
E10966,J104,28-10-2023,1,L6
E10967,J101,22-02-2023,1,L8
E10968,J101,29-11-2013,1,L9
E10969,J101,09-01-2010,1,L6
E10970,J102,01-02-2014,1,L3
E10971,J101,25-03-2013,1,L8
E10972,J104,24-05-2021,1,L8
E10973,J101,23-11-2021,1,L5
E10974,J104,12-03-2010,1,L5
E10975,J104,29-05-2014,1,L3
E10976,J103,17-11-2022,1,L8
E10977,J104,07-03-2023,1,L4
E10978,J101,08-06-2020,1,L8
E10979,J102,10-11-2023,1,L6
E10980,J101,22-03-2022,1,L9
E10981,J105,24-01-2011,1,L10
E10982,J104,28-01-2022,1,L7
E10983,J105,22-06-2022,1,L6
E10984,J102,05-06-2013,1,L8
E10985,J103,14-10-2016,1,L6
E10986,J103,03-01-2021,1,L3
E10987,J102,18-12-2023,1,L9
E10988,J101,02-12-2015,1,L10
E10989,J105,04-01-2014,1,L8
E10990,J105,08-04-2015,1,L9
E10991,J105,18-01-2012,1,L8
E10992,J104,04-03-2014,1,L6
E10993,J105,16-02-2022,1,L4
E10994,J102,09-05-2012,1,L6
E10995,J105,26-09-2023,1,L6
E10996,J101,20-12-2014,1,L9
E10997,J102,08-04-2016,1,L3
E10998,J104,26-04-2022,1,L7
E10999,J104,15-05-2011,1,L8
E11000,J104,11-07-2014,1,L8
E11001,J105,31-08-2011,1,L9
E11002,J101,29-10-2024,1,L4
E11003,J103,29-10-2016,1,L4
E11004,J104,07-10-2023,1,L7
E11005,J104,02-05-2015,1,L7
E11006,J103,09-01-2013,1,L6
E11007,J105,18-11-2014,1,L3
E11008,J104,27-09-2014,1,L4
E11009,J101,16-10-2021,1,L5
E11010,J102,11-11-2018,1,L4
E11011,J102,12-07-2014,1,L3
E11012,J105,21-11-2020,1,L8
E11013,J102,11-06-2021,1,L9
E11014,J104,13-01-2022,1,L8
E11015,J104,06-07-2021,1,L7
E11016,J105,19-03-2017,1,L9
E11017,J103,15-10-2024,1,L8
E11018,J105,28-05-2021,1,L3
E11019,J104,25-04-2019,1,L9
E11020,J104,12-07-2022,1,L5
E11021,J102,23-02-2017,1,L7
E11022,J105,21-10-2017,1,L8
E11023,J104,07-12-2011,1,L6
E11024,J103,30-08-2021,1,L9
E11025,J104,02-09-2022,1,L10
E11026,J102,04-01-2014,1,L4
E11027,J105,07-08-2021,1,L9
E11028,J103,24-07-2011,1,L9
E11029,J102,03-08-2024,1,L10
E11030,J102,29-07-2017,1,L6
E11031,J103,23-12-2024,1,L10
E11032,J104,25-01-2024,1,L6
E11033,J102,09-08-2015,1,L10
E11034,J103,05-07-2012,1,L9
E11035,J105,19-09-2017,1,L3
E11036,J103,10-06-2014,1,L10
E11037,J102,25-02-2018,1,L3
E11038,J103,03-01-2021,1,L7
E11039,J101,10-03-2015,1,L7
E11040,J103,31-01-2014,1,L5
E11041,J103,23-03-2014,1,L7
E11042,J104,14-04-2010,1,L4
E11043,J104,16-01-2010,1,L9
E11044,J101,27-02-2012,1,L6
E11045,J101,20-02-2023,1,L5
E11046,J102,12-06-2022,1,L10
E11047,J103,23-11-2021,1,L8
E11048,J101,01-02-2022,1,L9
E11049,J101,09-06-2010,1,L9
E11050,J103,12-01-2017,1,L4
E11051,J104,05-04-2023,1,L9
E11052,J104,14-07-2021,1,L9
E11053,J104,31-12-2013,1,L9
E11054,J105,20-03-2011,1,L10
E11055,J105,04-02-2017,1,L8
E11056,J105,04-03-2014,1,L6
E11057,J102,16-03-2016,1,L4
E11058,J101,12-02-2014,1,L4
E11059,J103,15-08-2015,1,L9
E11060,J102,14-01-2022,1,L6
E11061,J102,23-06-2020,1,L4
E11062,J103,01-05-2017,1,L8
E11063,J101,07-03-2015,1,L7
E11064,J105,05-11-2020,1,L6
E11065,J101,22-07-2017,1,L5
E11066,J105,14-11-2013,1,L4
E11067,J103,27-05-2020,1,L4
E11068,J104,08-07-2022,1,L8
E11069,J104,20-10-2011,1,L9
E11070,J103,17-10-2015,1,L6
E11071,J101,11-06-2012,1,L6
E11072,J101,04-05-2021,1,L10
E11073,J104,29-12-2022,1,L6
E11074,J104,23-12-2022,1,L9
E11075,J104,18-05-2013,1,L5
E11076,J104,01-12-2020,1,L9
E11077,J101,19-05-2016,1,L7
E11078,J104,22-08-2011,1,L3
E11079,J104,17-12-2022,1,L10
E11080,J103,16-07-2014,1,L6
E11081,J102,04-02-2013,1,L4
E11082,J103,02-08-2010,1,L5
E11083,J103,18-11-2014,1,L4
E11084,J101,24-04-2023,1,L6
E11085,J104,15-03-2021,1,L9
E11086,J101,07-07-2018,1,L8
E11087,J103,31-07-2012,1,L6
E11088,J105,30-05-2018,1,L9
E11089,J102,17-11-2013,1,L4
E11090,J102,15-05-2014,1,L3
E11091,J101,13-01-2022,1,L8
E11092,J105,10-09-2010,1,L9
E11093,J105,25-12-2011,1,L10
E11094,J102,30-12-2023,1,L10
E11095,J103,04-09-2012,1,L8
E11096,J101,15-07-2022,1,L8
E11097,J101,06-08-2017,1,L10
E11098,J105,12-10-2019,1,L10
E11099,J103,27-12-2022,1,L8
E11100,J105,13-05-2010,1,L6
E11101,J104,15-11-2010,1,L8
E11102,J103,07-08-2011,1,L4
E11103,J105,31-08-2021,1,L7
E11104,J103,22-02-2022,1,L4
E11105,J104,19-05-2015,1,L5
E11106,J104,25-02-2011,1,L5
E11107,J103,24-05-2015,1,L10
E11108,J101,27-11-2012,1,L3
E11109,J102,06-09-2015,1,L5
E11110,J102,03-03-2024,1,L4
E11111,J101,09-07-2022,1,L4
E11112,J104,02-07-2023,1,L9
E11113,J101,27-07-2023,1,L7
E11114,J104,14-03-2019,1,L6
E11115,J104,26-06-2022,1,L6
E11116,J105,18-04-2018,1,L5
E11117,J103,13-12-2012,1,L7
E11118,J103,15-10-2020,1,L10
E11119,J105,25-03-2017,1,L9
E11120,J103,22-12-2021,1,L3
E11121,J105,12-04-2018,1,L9
E11122,J103,20-12-2014,1,L7
E11123,J101,04-07-2022,1,L10
E11124,J102,03-04-2021,1,L6
E11125,J105,23-02-2010,1,L9
E11126,J102,18-10-2010,1,L4
E11127,J104,09-01-2022,1,L9
E11128,J102,11-01-2020,1,L9
E11129,J104,06-09-2014,1,L3
E11130,J105,20-05-2010,1,L10
E11131,J101,01-06-2017,1,L8
E11132,J104,16-08-2017,1,L10
E11133,J101,19-02-2021,1,L10
E11134,J101,01-08-2022,1,L5
E11135,J101,28-11-2016,1,L4
E11136,J105,17-04-2014,1,L8
E11137,J101,10-07-2013,1,L10
E11138,J104,29-09-2022,1,L3
E11139,J103,22-07-2018,1,L8
E11140,J104,05-12-2011,1,L8
E11141,J101,12-01-2023,1,L4
E11142,J102,26-01-2011,1,L6
E11143,J102,14-01-2023,1,L8
E11144,J105,21-02-2022,1,L9
E11145,J101,23-07-2010,1,L6
E11146,J102,03-05-2010,1,L5
E11147,J105,21-09-2016,1,L8
E11148,J102,20-08-2011,1,L3
E11149,J105,12-11-2013,1,L5
E11150,J101,02-11-2021,1,L9
E11151,J104,01-10-2024,1,L4
E11152,J101,11-06-2018,1,L6
E11153,J101,15-11-2021,1,L3
E11154,J105,09-05-2020,1,L10
E11155,J101,28-07-2013,1,L5
E11156,J104,13-05-2018,1,L5
E11157,J102,23-09-2010,1,L3
E11158,J102,03-12-2014,1,L3
E11159,J105,09-07-2023,1,L4
E11160,J102,29-06-2016,1,L8
E11161,J105,12-12-2020,1,L5
E11162,J103,05-03-2016,1,L9
E11163,J104,28-04-2017,1,L8
E11164,J103,07-07-2021,1,L10
E11165,J105,17-03-2019,1,L8
E11166,J103,18-11-2012,1,L6
E11167,J102,15-02-2013,1,L8
E11168,J104,11-07-2018,1,L9
E11169,J102,05-05-2011,1,L8
E11170,J101,02-11-2023,1,L8
E11171,J105,02-02-2014,1,L4
E11172,J103,29-05-2019,1,L4
E11173,J104,17-09-2018,1,L7
E11174,J101,30-08-2018,1,L10
E11175,J103,18-03-2024,1,L5
E11176,J102,29-05-2010,1,L3
E11177,J104,13-05-2015,1,L5
E11178,J103,23-05-2018,1,L4
E11179,J101,17-05-2018,1,L6
E11180,J102,20-08-2011,1,L4
E11181,J102,22-11-2017,1,L5
E11182,J103,04-01-2019,1,L3
E11183,J104,19-01-2022,1,L4
E11184,J104,27-03-2015,1,L7
E11185,J105,02-07-2011,1,L7
E11186,J104,12-10-2011,1,L5
E11187,J103,03-01-2010,1,L4
E11188,J102,06-12-2022,1,L8
E11189,J103,08-05-2020,1,L10
E11190,J105,03-02-2022,1,L10
E11191,J101,15-03-2017,1,L6
E11192,J102,04-07-2013,1,L5
E11193,J102,08-12-2022,1,L5
E11194,J104,17-07-2011,1,L9
E11195,J102,22-01-2015,1,L5
E11196,J102,18-11-2021,1,L8
E11197,J103,02-03-2019,1,L10
E11198,J101,11-07-2019,1,L7
E11199,J103,02-07-2023,1,L8
E11200,J104,23-07-2010,1,L10
